/Elimination-disorders/index.{html} /Elimination-disorders/
/Muscarinic-agonists/index.{html} /Muscarinic-agonists/
/Propiverine/index.{html} /Propiverine/
/Psychiatry/index.{html} /Psychiatry/
/Cholinergic-agonists/index.{html} /Cholinergic-agonists/
/To-write/index.{html} /To-write/
/%CE%B2-lactam-antibiotics/index.{html} /%CE%B2-lactam-antibiotics/
/100-Conditions-Index/index.{html} /100-Conditions-Index/
/Antibiotics/index.{html} /Antibiotics/
/Antidepressants/index.{html} /Antidepressants/
/Bacterioides-fragilis/index.{html} /Bacterioides-fragilis/
/Muscarinic-antagonists/index.{html} /Muscarinic-antagonists/
/Steroids/index.{html} /Steroids/
/400-Metabolic-Pathways-Index/index.{html} /400-Metabolic-Pathways-Index/
/Cephalosporins/index.{html} /Cephalosporins/
/Daytime-urinary-incontinence/index.{html} /Daytime-urinary-incontinence/
/Prevotella-melaninogenicus/index.{html} /Prevotella-melaninogenicus/
/Oxybutynin/index.{html} /Oxybutynin/
/index.html /
/%CE%B2-adrenergic-agonists/index.{html} /%CE%B2-adrenergic-agonists/
/Penicillin-G-and-penicillin-V/index.{html} /Penicillin-G-and-penicillin-V/
/200-Pharmacy-index/index.{html} /200-Pharmacy-index/
/500-Microorganisms-Index/index.{html} /500-Microorganisms-Index/
/600-Vitamines-Index/index.{html} /600-Vitamines-Index/
/Cell-wall-inhibitors/index.{html} /Cell-wall-inhibitors/
/Enuresis/index.{html} /Enuresis/
/Mirabegron/index.{html} /Mirabegron/
/Pediatrics/index.{html} /Pediatrics/
/Tricyclic-antidepressants/index.{html} /Tricyclic-antidepressants/
/%CE%B1-adrenergic-antagonists/index.{html} /%CE%B1-adrenergic-antagonists/
/300-Laboratory-Index/index.{html} /300-Laboratory-Index/
/Cholinergic-antagonists/index.{html} /Cholinergic-antagonists/
/Encopresis/index.{html} /Encopresis/
/Estrogen/index.{html} /Estrogen/
/Penicillins/index.{html} /Penicillins/
/Selective-serotonin-norepinephrine-reuptake-inhibitors/index.{html} /Selective-serotonin-norepinephrine-reuptake-inhibitors/
/templates/post/index.{html} /templates/post/
/%CE%B23-adrenergic-agonists/index.{html} /%CE%B23-adrenergic-agonists/
/Autonomic-modulators/index.{html} /Autonomic-modulators/
/Bethanechol/index.{html} /Bethanechol/
/Duloxetine/index.{html} /Duloxetine/
/Imipramine/index.{html} /Imipramine/
/private/private-note/index.{html} /private/private-note/
/%CE%B11-adrenergic-antagonists/index.{html} /%CE%B11-adrenergic-antagonists/
